login,name,company,location,email,hireable,bio,public_repos,followers,following,created_at
cassidoo,,,,,,,0,0,0,
felangel,,,,,,,0,0,0,
dabeaz,,,,,,,0,0,0,
sstephenson,,,,,,,0,0,0,
mattgodbolt,,,,,,,0,0,0,
logankilpatrick,,,,,,,0,0,0,
khan4019,,,,,,,0,0,0,
adashofdata,,,,,,,0,0,0,
djspiewak,,,,,,,0,0,0,
eddelbuettel,,,,,,,0,0,0,
natemoo-re,,,,,,,0,0,0,
lexi-lambda,,,,,,,0,0,0,
neodigm,,,,,,,0,0,0,
rentzsch,,,,,,,0,0,0,
HFTrader,,,,,,,0,0,0,
JimLiu,,,,,,,0,0,0,
jcs,,,,,,,0,0,0,
jbranchaud,,,,,,,0,0,0,
basecamp,,,,,,,0,0,0,
SciSharp,,,,,,,0,0,0,
joshdholtz,,,,,,,0,0,0,
johnpolacek,,,,,,,0,0,0,
davidteather,,,,,,,0,0,0,
jeremyckahn,,,,,,,0,0,0,
dchelimsky,,,,,,,0,0,0,
coreyhaines,,,,,,,0,0,0,
rharter,,,,,,,0,0,0,
harperreed,,,,,,,0,0,0,
sksamuel,,,,,,,0,0,0,
leeoniya,,,,,,,0,0,0,
hwayne,,,,,,,0,0,0,
CoralineAda,,,,,,,0,0,0,
sean-codes,,,,,,,0,0,0,
gjreda,,,,,,,0,0,0,
jameslamb,,,,,,,0,0,0,
djsime1,,,,,,,0,0,0,
dabeaz-course,,,,,,,0,0,0,
lorenanicole,,,,,,,0,0,0,
LadyKerr,,,,,,,0,0,0,
dannguyen,,,,,,,0,0,0,
awatson1978,,,,,,,0,0,0,
trek,,,,,,,0,0,0,
Valve,,,,,,,0,0,0,
catarak,,,,,,,0,0,0,
scopatz,,,,,,,0,0,0,
ZeweiChu,,,,,,,0,0,0,
peterpme,,,,,,,0,0,0,
bitsondatadev,,,,,,,0,0,0,
estrattonbailey,,,,,,,0,0,0,
phinze,,,,,,,0,0,0,
lvh,,,,,,,0,0,0,
jorgecoca,,,,,,,0,0,0,
bgardner,,,,,,,0,0,0,
adriangb,,,,,,,0,0,0,
Templarian,,,,,,,0,0,0,
jamesturk,,,,,,,0,0,0,
an0,,,,,,,0,0,0,
kierisi,,,,,,,0,0,0,
derekeder,,,,,,,0,0,0,
rachelbaker,,,,,,,0,0,0,
iSoron,,,,,,,0,0,0,
kpdecker,,,,,,,0,0,0,
themeteorchef,,,,,,,0,0,0,
gk5885,,,,,,,0,0,0,
austinsonger,,,,,,,0,0,0,
bwya77,,,,,,,0,0,0,
ELLIOTTCABLE,,,,,,,0,0,0,
tqbf,,,,,,,0,0,0,
vehbiu,,,,,,,0,0,0,
mjskay,,,,,,,0,0,0,
mapmeld,,,,,,,0,0,0,
carolynvs,,,,,,,0,0,0,
DashBarkHuss,,,,,,,0,0,0,
zigurous,,,,,,,0,0,0,
brandonleegit,,,,,,,0,0,0,
rsese,,,,,,,0,0,0,
boonebgorges,,,,,,,0,0,0,
jarry-xiao,,,,,,,0,0,0,
the-raspberry-pi-guy,,,,,,,0,0,0,
saforem2,,,,,,,0,0,0,
ZWMiller,,,,,,,0,0,0,
matagus,,,,,,,0,0,0,
skwp,,,,,,,0,0,0,
stevespringett,,,,,,,0,0,0,
braverock,,,,,,,0,0,0,
jenmyers,,,,,,,0,0,0,
gar1t,,,,,,,0,0,0,
MarkTechson,,,,,,,0,0,0,
Tedko,,,,,,,0,0,0,
sabre1041,,,,,,,0,0,0,
loganmartintran,,,,,,,0,0,0,
abedra,,,,,,,0,0,0,
trevorturk,,,,,,,0,0,0,
justinbmeyer,,,,,,,0,0,0,
RandomFractals,,,,,,,0,0,0,
srobbin,,,,,,,0,0,0,
coolbeet,,,,,,,0,0,0,
timrwood,,,,,,,0,0,0,
shayhowe,,,,,,,0,0,0,
ksobon,,,,,,,0,0,0,
hugs,,,,,,,0,0,0,
karllhughes,,,,,,,0,0,0,
Oceania2018,,,,,,,0,0,0,
emilyriederer,,,,,,,0,0,0,
reiddraper,,,,,,,0,0,0,
sorentwo,,,,,,,0,0,0,
nickvourd,,,,,,,0,0,0,
jjhelmus,,,,,,,0,0,0,
ahinchman1,,,,,,,0,0,0,
XavierXiao,,,,,,,0,0,0,
coddingtonbear,,,,,,,0,0,0,
stevenwanderski,,,,,,,0,0,0,
JoeGermuska,,,,,,,0,0,0,
tswast,,,,,,,0,0,0,
MelSumner,,,,,,,0,0,0,
greensock,,,,,,,0,0,0,
ExplorerFreda,,,,,,,0,0,0,
alysivji,,,,,,,0,0,0,
paulromano,,,,,,,0,0,0,
tedivm,,,,,,,0,0,0,
rguthrie3,,,,,,,0,0,0,
FreedomWriter,,,,,,,0,0,0,
nbriz,,,,,,,0,0,0,
CodePlatoon,,,,,,,0,0,0,
mrkurt,,,,,,,0,0,0,
kadamwhite,,,,,,,0,0,0,
conorpp,,,,,,,0,0,0,
Daniel-McCarthy,,,,,,,0,0,0,
msfrisbie,,,,,,,0,0,0,
bartosz-lipinski,,,,,,,0,0,0,
ivelasq,,,,,,,0,0,0,
joshbirk,,,,,,,0,0,0,
pushcx,,,,,,,0,0,0,
jackdoyle,,,,,,,0,0,0,
brandonwillard,,,,,,,0,0,0,
rrag,,,,,,,0,0,0,
drewolson,,,,,,,0,0,0,
joemaddalone,,,,,,,0,0,0,
ionelabrinza,,,,,,,0,0,0,
jamigibbs,,,,,,,0,0,0,
mager,,,,,,,0,0,0,
mikehostetler,,,,,,,0,0,0,
mstruve,,,,,,,0,0,0,
jberger,,,,,,,0,0,0,
brianboyer,,,,,,,0,0,0,
mikewesthad,,,,,,,0,0,0,
brasic,,,,,,,0,0,0,
braintreeps,,,,,,,0,0,0,
k4rtik,,,,,,,0,0,0,
MarcosX,,,,,,,0,0,0,
jordanorelli,,,,,,,0,0,0,
FormerLurker,,,,,,,0,0,0,
syngenta-digital,,,,,,,0,0,0,
samanthamichele7,,,,,,,0,0,0,
arsho,,,,,,,0,0,0,
dremin,,,,,,,0,0,0,
jdingel,,,,,,,0,0,0,
keeleysam,,,,,,,0,0,0,
Athlon1600,,,,,,,0,0,0,
tighten,,,,,,,0,0,0,
rcalix1,,,,,,,0,0,0,
bf4,,,,,,,0,0,0,
johnwinans,,,,,,,0,0,0,
ryan-haskell,,,,,,,0,0,0,
Shawn-Shan,,,,,,,0,0,0,
wesleywiser,,,,,,,0,0,0,
farrukh90,,,,,,,0,0,0,
luisibanez,,,,,,,0,0,0,
dhermes,,,,,,,0,0,0,
itsjafer,,,,,,,0,0,0,
aekaplan,,,,,,,0,0,0,
simonpcouch,,,,,,,0,0,0,
tlamadon,,,,,,,0,0,0,
seanchen1991,,,,,,,0,0,0,
gregwebs,,,,,,,0,0,0,
Vadman97,,,,,,,0,0,0,
luizaandrade,,,,,,,0,0,0,
noootown,,,,,,,0,0,0,
cdfuller,,,,,,,0,0,0,
ReidCarlberg,,,,,,,0,0,0,
fsadykov,,,,,,,0,0,0,
dkarter,,,,,,,0,0,0,
chelseatroy,,,,,,,0,0,0,
masterysystems,,,,,,,0,0,0,
yyolk,,,,,,,0,0,0,
eaton,,,,,,,0,0,0,
zombor,,,,,,,0,0,0,
JSH32,,,,,,,0,0,0,
ricokahler,,,,,,,0,0,0,
code-for-coffee,,,,,,,0,0,0,
karlstolley,,,,,,,0,0,0,
wseemann,,,,,,,0,0,0,
bhgames,,,,,,,0,0,0,
codersquid,,,,,,,0,0,0,
braintree,,,,,,,0,0,0,
dziganto,,,,,,,0,0,0,
tollmanz,,,,,,,0,0,0,
tomschenkjr,,,,,,,0,0,0,
peterhurford,,,,,,,0,0,0,
joshgav,,,,,,,0,0,0,
kaihoffman,,,,,,,0,0,0,
stevenmaguire,,,,,,,0,0,0,
southpolesteve,,,,,,,0,0,0,
zackkitzmiller,,,,,,,0,0,0,
kevinschaul,,,,,,,0,0,0,
ryanve,,,,,,,0,0,0,
jkocherhans,,,,,,,0,0,0,
ChrisWiegman,,,,,,,0,0,0,
argonne-lcf,,,,,,,0,0,0,
mylo-james,,,,,,,0,0,0,
techtorial,,,,,,,0,0,0,
ch33r10,,,,,,,0,0,0,
feamster,,,,,,,0,0,0,
gregjopa,,,,,,,0,0,0,
jeffpaul,,,,,,,0,0,0,
johnagan,,,,,,,0,0,0,
asajeffrey,,,,,,,0,0,0,
muratkeremozcan,,,,,,,0,0,0,
skriegman,,,,,,,0,0,0,
newville,,,,,,,0,0,0,
karbassi,,,,,,,0,0,0,
cooperlees,,,,,,,0,0,0,
dvtate,,,,,,,0,0,0,
deanmalmgren,,,,,,,0,0,0,
marwahaha,,,,,,,0,0,0,
borjasotomayor,,,,,,,0,0,0,
bangpound,,,,,,,0,0,0,
luisdomin5,,,,,,,0,0,0,
ming024,,,,,,,0,0,0,
adamgraham,,,,,,,0,0,0,
nixpad,,,,,,,0,0,0,
cr0ybot,,,,,,,0,0,0,
gfredericks,,,,,,,0,0,0,
kfogel,,,,,,,0,0,0,
thereals0beit,,,,,,,0,0,0,
DebeshJha,,,,,,,0,0,0,
DataSolveProblems,,,,,,,0,0,0,
technobly,,,,,,,0,0,0,
KazukiPrzyborowski,,,,,,,0,0,0,
AgentK20,,,,,,,0,0,0,
aerosoul94,,,,,,,0,0,0,
safe-graph,,,,,,,0,0,0,
benstr,,,,,,,0,0,0,
relativityone,,,,,,,0,0,0,
Aeva,,,,,,,0,0,0,
JustinMShea,,,,,,,0,0,0,
pyro2927,,,,,,,0,0,0,
klaeufer,,,,,,,0,0,0,
adomokos,,,,,,,0,0,0,
monsur,,,,,,,0,0,0,
scollis,,,,,,,0,0,0,
spjeff,,,,,,,0,0,0,
nicholas-ochoa,,,,,,,0,0,0,
arelia,,,,,,,0,0,0,
Sc00bz,,,,,,,0,0,0,
wimglenn,,,,,,,0,0,0,
datamade,,,,,,,0,0,0,
zekenie,,,,,,,0,0,0,
PedroLopes,,,,,,,0,0,0,
carolineartz,,,,,,,0,0,0,
destefanis,,,,,,,0,0,0,
exrlla,,,,,,,0,0,0,
robertzk,,,,,,,0,0,0,
joshbeckman,,,,,,,0,0,0,
narcisolobo,,,,,,,0,0,0,
EricKuck,,,,,,,0,0,0,
michaelstonis,,,,,,,0,0,0,
JeffCohen,,,,,,,0,0,0,
stephen-hoover,,,,,,,0,0,0,
baldengineer,,,,,,,0,0,0,
pcarbo,,,,,,,0,0,0,
sc1341,,,,,,,0,0,0,
gaojunxuan,,,,,,,0,0,0,
jim,,,,,,,0,0,0,
mqudsi,,,,,,,0,0,0,
eigenhombre,,,,,,,0,0,0,
jmercouris,,,,,,,0,0,0,
rathjenc,,,,,,,0,0,0,
Interbotix,,,,,,,0,0,0,
patrickfuller,,,,,,,0,0,0,
gkthiruvathukal,,,,,,,0,0,0,
chicago-joe,,,,,,,0,0,0,
donthedeveloper,,,,,,,0,0,0,
cdipaolo,,,,,,,0,0,0,
Kaushal1011,,,,,,,0,0,0,
zurmo,,,,,,,0,0,0,
rmw,,,,,,,0,0,0,
jvz,,,,,,,0,0,0,
azaa1,,,,,,,0,0,0,
hugofloresgarcia,,,,,,,0,0,0,
larsbergstrom,,,,,,,0,0,0,
allscriptshealthcare,,,,,,,0,0,0,
abaker,,,,,,,0,0,0,
glowcoil,,,,,,,0,0,0,
bitcraft,,,,,,,0,0,0,
eguevara,,,,,,,0,0,0,
shanesveller,,,,,,,0,0,0,
blakesmith,,,,,,,0,0,0,
SteveMcGrath,,,,,,,0,0,0,
curtgrimes,,,,,,,0,0,0,
rudyrigot,,,,,,,0,0,0,
michel-slm,,,,,,,0,0,0,
seanwu1105,,,,,,,0,0,0,
NicholeKing,,,,,,,0,0,0,
bensoltoff,,,,,,,0,0,0,
patrickxb,,,,,,,0,0,0,
Summair,,,,,,,0,0,0,
gauss1181,,,,,,,0,0,0,
DavidJFelix,,,,,,,0,0,0,
y-x-c,,,,,,,0,0,0,
chicagocomputerclasses,,,,,,,0,0,0,
gennyble,,,,,,,0,0,0,
lukehoersten,,,,,,,0,0,0,
Chicago,,,,,,,0,0,0,
alainakafkes,,,,,,,0,0,0,
piemadd,,,,,,,0,0,0,
b-meson,,,,,,,0,0,0,
evbogue,,,,,,,0,0,0,
coolreader18,,,,,,,0,0,0,
jwieting,,,,,,,0,0,0,
calchulus,,,,,,,0,0,0,
heitortsergent,,,,,,,0,0,0,
christophermanning,,,,,,,0,0,0,
rsinger86,,,,,,,0,0,0,
noelrappin,,,,,,,0,0,0,
kvnkho,,,,,,,0,0,0,
ivanfemia,,,,,,,0,0,0,
SarahMAmann,,,,,,,0,0,0,
zircote,,,,,,,0,0,0,
sonamoo,,,,,,,0,0,0,
sleventyeleven,,,,,,,0,0,0,
mgrygles,,,,,,,0,0,0,
rossb34,,,,,,,0,0,0,
stamourv,,,,,,,0,0,0,
loucyx,,,,,,,0,0,0,
alexlyp,,,,,,,0,0,0,
deanrad,,,,,,,0,0,0,
brianray,,,,,,,0,0,0,
skirmer,,,,,,,0,0,0,
barelyknown,,,,,,,0,0,0,
agfor,,,,,,,0,0,0,
rsutphin,,,,,,,0,0,0,
snowgy,,,,,,,0,0,0,
ksolo,,,,,,,0,0,0,
defaultxr,,,,,,,0,0,0,
stevepopovich,,,,,,,0,0,0,
andymboyle,,,,,,,0,0,0,
jdoss,,,,,,,0,0,0,
SpezialK71,,,,,,,0,0,0,
shonumi,,,,,,,0,0,0,
maggiewolff,,,,,,,0,0,0,
anthonyleezhang,,,,,,,0,0,0,
daisyUniverse,,,,,,,0,0,0,
maxmiller413,,,,,,,0,0,0,
glitchfur,,,,,,,0,0,0,
meltingscales,,,,,,,0,0,0,
wmurphyrd,,,,,,,0,0,0,
CodyNicholson,,,,,,,0,0,0,
mgrover1,,,,,,,0,0,0,
KovasMcCann,,,,,,,0,0,0,
csantiago132,,,,,,,0,0,0,
jaku,,,,,,,0,0,0,
AbrarSyed,,,,,,,0,0,0,
juneau001,,,,,,,0,0,0,
alycit,,,,,,,0,0,0,
mstratman,,,,,,,0,0,0,
CaryLandholt,,,,,,,0,0,0,
knagaitsev,,,,,,,0,0,0,
omargfh,,,,,,,0,0,0,
RonaldColyar,,,,,,,0,0,0,
erichilarysmithsr,,,,,,,0,0,0,
luoyuanlab,,,,,,,0,0,0,
jfnavarro21,,,,,,,0,0,0,
rlk,,,,,,,0,0,0,
3CloudSolutions,,,,,,,0,0,0,
cwarden,,,,,,,0,0,0,
nadrane,,,,,,,0,0,0,
rogeruiz,,,,,,,0,0,0,
scottferg,,,,,,,0,0,0,
jebeck,,,,,,,0,0,0,
